
<jcaecfd>
        <Project name="OpenFOAM">
                <OpenFOAM version="">        
                        <Solver name=""/>            
                        <SHM location=""/>
                </OpenFOAM >
                <Region name="Region1">
                        <SubRegion name="Subregion1">
                            <BGBlock>
                            </BGBlock>
                            <Patches>
                            </Patches>
                            <Stitches>
                            </Stitches>
                        </SubRegion>
                    <Zones>
                    </Zones>
                </Region>    
        </Project>        
</jcaecfd>

